Day,Total_Victims,Total_Loss,Avg_Stress,Avg_Trust,Job_Loss
0,0,0,0,1
30,30,36700,0.02324,0.95692
60,60,87800,0.054491,0.87412
90,90,140400,0.0868845,0.78196
120,120,199200,0.124448,0.67839
150,150,262600,0.168353,0.58417
180,182,335600,0.218271,0.48729
