Day,Total_Victims,Total_Loss,Avg_Stress,Avg_Trust,Job_Loss
0,0,0,0,1
30,30,31800,0.02293,0.95747
60,60,77500,0.0529555,0.87556
90,90,128800,0.0860299,0.78273
120,120,192500,0.12629,0.67788
150,151,262100,0.172438,0.5697
180,186,341000,0.226266,0.46627
