Day,Total_Victims,Total_Loss,Avg_Stress,Avg_Trust,Job_Loss
0,30,0,0.0178,0.9901
30,30,6100,0.02213,0.96016
60,30,12200,0.026617,0.93172
90,30,18000,0.0309453,0.91104
